{
  "19": [
    0.0,
    0.0,
    1.0,
    1.0,
    0.0174532924
  ],
  "25": 0.299999982,
  "26": [
    0.0,
    0.01
  ]
}