{"19":[0.0,0.0,1.0,1.0,-1.57079637],"20":{"R":225,"G":209,"B":152,"A":0},"21":[9,3],"22":[0.0,0.0,1.0,1.0,-1.57079637],"26":[0.0,0.01]}