{
  "19": [
    0.0,
    0.0,
    1.0,
    1.0,
    -1.57079637
  ],
  "20": {
    "R": 225,
    "G": 215,
    "B": 145,
    "A": 0
  },
  "21": [
    1,
    3
  ],
  "22": [
    0.0,
    0.0,
    1.0,
    1.0,
    -1.57079637
  ],
  "26": [
    0.0,
    0.01
  ]
}