{"19":[0.0,0.0,1.0,1.0,0.0174532924],"23":{"R":69,"G":69,"B":69,"A":128},"25":0.299999982,"26":[0.0,0.01]}